Workbook

Sheet Catálogo COMATEL
A1: CATÁLOGO DE PRODUCTOS · COMATEL S.A.S · Material Eléctrico y Telecomunicaciones
A2: Código | B2: Categoría | C2: Subcategoría | D2: Producto | E2: Marca | F2: Unidad de Medida | G2: Precio Unitario (COP) | H2: IVA (%) | I2: Precio con IVA (COP) | J2: Stock Disponible | K2: Descripción Técnica
A3: ILU-001 | B3: ILUMINACIÓN | C3: Panel LED | D3: Panel LED Redondo 18W 6500K Empotrar | E3: Sylvania | F3: Unidad | G3: 28900 | H3: 0.19 | I3: =G3*(1+H3) -> 34391 | J3: 340 | K3: Panel LED redondo empotrable 18W, luz blanca fría 6500K, IP20, para cielo raso
A4: ILU-002 | B4: ILUMINACIÓN | C4: Panel LED | D4: Panel LED Cuadrado 24W 4000K Sobreponer | E4: Philips | F4: Unidad | G4: 42500 | H4: 0.19 | I4: =G4*(1+H4) -> 50575 | J4: 215 | K4: Panel LED cuadrado sobreponer 24W, luz neutra 4000K, 60x60cm, oficina
A5: ILU-003 | B5: ILUMINACIÓN | C5: Panel LED | D5: Panel LED 40W 60x60 6500K Empotrar | E5: Schneider | F5: Unidad | G5: 58900 | H5: 0.19 | I5: =G5*(1+H5) -> 70091 | J5: 180 | K5: Panel LED 40W formato 60x60, alta eficiencia, oficinas y comercio
A6: ILU-004 | B6: ILUMINACIÓN | C6: Bombilla LED | D6: Bombilla LED A19 9W E27 6500K | E6: Sylvania | F6: Unidad | G6: 6900 | H6: 0.19 | I6: =G6*(1+H6) -> 8211 | J6: 1200 | K6: Bombilla LED estándar 9W rosca E27, luz día, 800 lúmenes
A7: ILU-005 | B7: ILUMINACIÓN | C7: Bombilla LED | D7: Bombilla LED A19 12W E27 3000K | E7: Osram | F7: Unidad | G7: 8500 | H7: 0.19 | I7: =G7*(1+H7) -> 10115 | J7: 950 | K7: Bombilla LED 12W rosca E27, luz cálida 3000K, 1050 lúmenes
A8: ILU-006 | B8: ILUMINACIÓN | C8: Tubo LED | D8: Tubo LED T8 18W 120cm 6500K | E8: Sylvania | F8: Unidad | G8: 12900 | H8: 0.19 | I8: =G8*(1+H8) -> 15351 | J8: 680 | K8: Tubo LED T8 18W de 1.2m, reemplazo directo fluorescente, luz fría
A9: ILU-007 | B9: ILUMINACIÓN | C9: Reflector LED | D9: Reflector LED 50W 6500K IP66 | E9: Schneider | F9: Unidad | G9: 64000 | H9: 0.19 | I9: =G9*(1+H9) -> 76160 | J9: 120 | K9: Reflector LED exterior 50W, IP66, luz fría, fachadas y parqueaderos
A10: ILU-008 | B10: ILUMINACIÓN | C10: Reflector LED | D10: Reflector LED 100W 6500K IP66 | E10: Schneider | F10: Unidad | G10: 118000 | H10: 0.19 | I10: =G10*(1+H10) -> 140420 | J10: 85 | K10: Reflector LED exterior 100W, IP66, alta potencia, canchas y bodegas
A11: ILU-009 | B11: ILUMINACIÓN | C11: Reflector LED | D11: Reflector LED 200W 6500K IP66 | E11: Roblan | F11: Unidad | G11: 289000 | H11: 0.19 | I11: =G11*(1+H11) -> 343910 | J11: 40 | K11: Reflector LED industrial 200W, IP66, iluminación de grandes áreas
A12: ILU-010 | B12: ILUMINACIÓN | C12: Luminaria Industrial | D12: Campana LED High Bay 150W 6500K | E12: Sylvania | F12: Unidad | G12: 245000 | H12: 0.19 | I12: =G12*(1+H12) -> 291550 | J12: 55 | K12: Campana LED tipo high bay 150W, IP65, bodegas y naves industriales
A13: ILU-011 | B13: ILUMINACIÓN | C13: Luminaria Vial | D13: Luminaria Vial LED 60W 5700K | E13: Roblan | F13: Unidad | G13: 198000 | H13: 0.19 | I13: =G13*(1+H13) -> 235620 | J13: 70 | K13: Luminaria de alumbrado público LED 60W, IP66, poste vial
A14: ILU-012 | B14: ILUMINACIÓN | C14: Luminaria Vial | D14: Luminaria Vial LED 120W 5700K | E14: Roblan | F14: Unidad | G14: 345000 | H14: 0.19 | I14: =G14*(1+H14) -> 410550 | J14: 45 | K14: Luminaria de alumbrado público LED 120W, IP66, avenidas
... A98: HER-008 | B98: HERRAMIENTAS | C98: Accesorio | D98: Marquilla para Cable Numérica (set) | E98: Panduit | F98: Set | G98: 22000 | H98: 0.19 | I98: =G98*(1+H98) -> 26180 | J98: 300 | K98: Set de marquillas numéricas para identificación de cables

Sheet Resumen
A1: RESUMEN POR CATEGORÍA
A2: Categoría | B2: # Productos | C2: Precio Promedio (COP) | D2: Valor Inventario (COP)
A3: ILUMINACIÓN | B3: =COUNTIF('Catálogo COMATEL'!B:B,A3) -> 14 | C3: =AVERAGEIF('Catálogo COMATEL'!B:B,A3,'Catálogo COMATEL'!G:G) -> 106500 | D3: =SUMPRODUCT(('Catálogo COMATEL'!$B$3:$B$98=A3)*'Catálogo COMATEL'!$G$3:$G$98*'Catálogo COMATEL'!$J$3:$J$98) -> 143452500
A4: CABLEADO | B4: =COUNTIF('Catálogo COMATEL'!B:B,A4) -> 12 | C4: =AVERAGEIF('Catálogo COMATEL'!B:B,A4,'Catálogo COMATEL'!G:G) -> 160525 | D4: =SUMPRODUCT(('Catálogo COMATEL'!$B$3:$B$98=A4)*'Catálogo COMATEL'!$G$3:$G$98*'Catálogo COMATEL'!$J$3:$J$98) -> 305730000
A5: CONECTORES | B5: =COUNTIF('Catálogo COMATEL'!B:B,A5) -> 7 | C5: =AVERAGEIF('Catálogo COMATEL'!B:B,A5,'Catálogo COMATEL'!G:G) -> 30571.429 | D5: =SUMPRODUCT(('Catálogo COMATEL'!$B$3:$B$98=A5)*'Catálogo COMATEL'!$G$3:$G$98*'Catálogo COMATEL'!$J$3:$J$98) -> 65800000
A6: UPS Y RESPALDO | B6: =COUNTIF('Catálogo COMATEL'!B:B,A6) -> 8 | C6: =AVERAGEIF('Catálogo COMATEL'!B:B,A6,'Catálogo COMATEL'!G:G) -> 1756500 | D6: =SUMPRODUCT(('Catálogo COMATEL'!$B$3:$B$98=A6)*'Catálogo COMATEL'!$G$3:$G$98*'Catálogo COMATEL'!$J$3:$J$98) -> 296135000
A7: TABLEROS Y DISTRIBUCIÓN | B7: =COUNTIF('Catálogo COMATEL'!B:B,A7) -> 7 | C7: =AVERAGEIF('Catálogo COMATEL'!B:B,A7,'Catálogo COMATEL'!G:G) -> 146842.86 | D7: =SUMPRODUCT(('Catálogo COMATEL'!$B$3:$B$98=A7)*'Catálogo COMATEL'!$G$3:$G$98*'Catálogo COMATEL'!$J$3:$J$98) -> 83650000
A8: PROTECCIÓN | B8: =COUNTIF('Catálogo COMATEL'!B:B,A8) -> 9 | C8: =AVERAGEIF('Catálogo COMATEL'!B:B,A8,'Catálogo COMATEL'!G:G) -> 152811.11 | D8: =SUMPRODUCT(('Catálogo COMATEL'!$B$3:$B$98=A8)*'Catálogo COMATEL'!$G$3:$G$98*'Catálogo COMATEL'!$J$3:$J$98) -> 119850000
A9: TOMAS E INTERRUPTORES | B9: =COUNTIF('Catálogo COMATEL'!B:B,A9) -> 7 | C9: =AVERAGEIF('Catálogo COMATEL'!B:B,A9,'Catálogo COMATEL'!G:G) -> 24771.429 | D9: =SUMPRODUCT(('Catálogo COMATEL'!$B$3:$B$98=A9)*'Catálogo COMATEL'!$G$3:$G$98*'Catálogo COMATEL'!$J$3:$J$98) -> 58114000
A10: CANALIZACIÓN | B10: =COUNTIF('Catálogo COMATEL'!B:B,A10) -> 10 | C10: =AVERAGEIF('Catálogo COMATEL'!B:B,A10,'Catálogo COMATEL'!G:G) -> 35470 | D10: =SUMPRODUCT(('Catálogo COMATEL'!$B$3:$B$98=A10)*'Catálogo COMATEL'!$G$3:$G$98*'Catálogo COMATEL'!$J$3:$J$98) -> 91662000
A11: SUBESTACIONES | B11: =COUNTIF('Catálogo COMATEL'!B:B,A11) -> 6 | C11: =AVERAGEIF('Catálogo COMATEL'!B:B,A11,'Catálogo COMATEL'!G:G) -> 10605500 | D11: =SUMPRODUCT(('Catálogo COMATEL'!$B$3:$B$98=A11)*'Catálogo COMATEL'!$G$3:$G$98*'Catálogo COMATEL'!$J$3:$J$98) -> 259500000
A12: TELECOMUNICACIONES | B12: =COUNTIF('Catálogo COMATEL'!B:B,A12) -> 8 | C12: =AVERAGEIF('Catálogo COMATEL'!B:B,A12,'Catálogo COMATEL'!G:G) -> 528875 | D12: =SUMPRODUCT(('Catálogo COMATEL'!$B$3:$B$98=A12)*'Catálogo COMATEL'!$G$3:$G$98*'Catálogo COMATEL'!$J$3:$J$98) -> 127010000
A13: HERRAMIENTAS | B13: =COUNTIF('Catálogo COMATEL'!B:B,A13) -> 8 | C13: =AVERAGEIF('Catálogo COMATEL'!B:B,A13,'Catálogo COMATEL'!G:G) -> 105000 | D13: =SUMPRODUCT(('Catálogo COMATEL'!$B$3:$B$98=A13)*'Catálogo COMATEL'!$G$3:$G$98*'Catálogo COMATEL'!$J$3:$J$98) -> 89846000
A14: TOTAL | B14: =SUM(B3:B13) -> 96 | D14: =SUM(D3:D13) -> 1640749500
